pdb_file,mutations,experimental_ddg,foldx,discovery_studio,mmCSM-PPI
1ak4,"LD483T,VD486P,HD487A,AD488M,ID491L,AD492P,MD496I",-0.74,6.30,-2.51,-2.09
2wpt,"NA34V,RA38T,EA39H,RA42E",3,1.37,-0.58,1.60
1emv,"QA17E,LA18F,TA20K,TA21K,NA24R,DA26E,TA27G,SA28A,SA29T,EA32D,LA33D,VA34N,TA38R,HA39E,EA42R,MA43L,SA48D,KA57R,EA58D,GA59D,DA60R,DA61E,SA65E,NA69K,TA70E,VA71I,QA73E",-8.05,6.62,1.02,-3.35
2wpt,"EA17Q,FA18L,KA20T,KA21T,RA24N,EA26D,GA27T,AA28S,TA29S,DA32E,DA33L,NA34V,RA38T,EA39H,RA42E,LA43M,DA48S,RA57K,DA58E,DA59G,RA60D,EA61D,EA65S,KA69N,EA70T,IA71V,EA73Q",8.05,5.53,-2.08,-2.74
1emv,"EA32D,LA33D,VA34N,TA38R,HA39E,EA42R,MA43L,SA48D,KA57R,EA58D,GA59D,DA60R,DA61E,SA65E,NA69K,TA70E,VA71I,QA73E",-7.99,7.89,-2.48,-2.38
2wpt,"EA17Q,FA18L,KA20T,KA21T,RA24N,EA26D,GA27T,AA28S,TA29S",0.07,2.16,-1.69,-1.67
1emv,"QA17E,LA18F,TA20K,TA21K,NA24R,DA26E,TA27G,SA28A,SA29T,SA65E,NA69K,TA70E,VA71I,QA73E",-2.86,-0.74,0.55,-0.48
2wpt,"DA32E,DA33L,NA34V,RA38T,EA39H,RA42E,LA43M,DA48S,RA57K,DA58E,DA59G,RA60D,EA61D",5.2,4.63,-1.41,-0.52
1emv,"QA17E,LA18F,TA20K,TA21K,NA24R,DA26E,TA27G,SA28A,SA29T,SA48D,KA57R,EA58D,GA59D,DA60R,DA61E,SA65E,NA69K,TA70E,VA71I,QA73E",-1.7,0.13,0.47,-0.72
2wpt,"DA32E,DA33L,NA34V,RA38T,EA39H,RA42E,LA43M",6.35,3.20,-0.51,1.44
1emv,"QA17E,LA18F,TA20K,TA21K,NA24R,SA48D,KA57R,EA58D,GA59D,DA60R,DA61E,SA65E,NA69K,TA70E,VA71I,QA73E",-1.42,1.20,-0.02,0.13
2wpt,"EA26D,GA27T,AA28S,TA29S,DA32E,DA33L,NA34V,RA38T,EA39H,RA42E,LA43M",6.63,6.95,-2.13,0.50
1emv,"QA17E,LA18F,SA48D,KA57R,EA58D,GA59D,DA60R,DA61E,SA65E,NA69K,TA70E,VA71I,QA73E",0.21,1.05,-1.98,0.19
2wpt,"KA20T,KA21T,RA24N,EA26D,GA27T,AA28S,TA29S,DA32E,DA33L,NA34V,RA38T,EA39H,RA42E,LA43M",8.26,6.63,-3.43,-0.22
1emv,"SA48D,KA57R,EA58D,GA59D,DA60R,DA61E,SA65E,NA69K,TA70E,VA71I,QA73E",0.52,0.99,-1.45,0.00
2wpt,"EA17Q,FA18L,KA20T,KA21T,RA24N,EA26D,GA27T,AA28S,TA29S,DA32E,DA33L,NA34V,RA38T,EA39H,RA42E,LA43M",8.57,4.15,-3.08,-1.32
1emv,"SA65E,NA69K,TA70E,VA71I,QA73E",-0.08,0.03,-1.30,0.06
2wpt,"EA17Q,FA18L,KA20T,KA21T,RA24N,EA26D,GA27T,AA28S,TA29S,DA32E,DA33L,NA34V,RA38T,EA39H,RA42E,LA43M,DA48S,RA57K,DA58E,DA59G,RA60D,EA61D",7.98,7.04,-2.66,-2.55
2oob,"AA934S,KA935E,AA937E,GA941S",-3.1,1.40,-0.90,-0.42
1mq8,"CB161L,CB299F,KB287C,KB294C",1.77,0.00,-0.01,-0.25
1mq8,"CB161L,CB299F,EB284C,EB301C",1.26,0.00,-0.03,-0.42
1mq8,"CB161L,CB299F,KB160C,TB300C",-2.97,0.00,0.00,-0.64
1mq8,"CB161L,CB299F,LB289C,KB294C",-3.72,0.00,0.01,-0.47
1lfd,"MA30K,DA51K,DA58K,DA94K",0.9,4.87,-2.39,0.84
1rew,"DA30A,WA31A,DB30A,WB31A",-2.06,-1.64,3.32,-1.94
1rew,"FA49A,PA50A,FB49A,PB50A",-2.88,-5.03,6.16,-6.28
1rew,"HA39D,SA88A,HB39D,SB88A",-0.18,0.01,0.48,-0.74
1rew,"HA39D,LA100A,HB39D,LB100A",-0.12,0.01,0.51,-0.49
1rew,"DA30A,AA34D,DB30A,AB34D",-0.48,0.09,0.58,0.03
1rew,"AA34D,DA53A,AB34D,DB53A",0.18,0.37,0.38,-0.67
1rew,"DA53A,EA109R,DB53A,EB109R",-0.04,0.52,1.02,-1.47
1rew,"KC88R,SC90T,KC92I,AC93P,QC94H,LC95Q,TC98D",-0.73,3.07,1.21,-1.85
2qj9,"RC88K,TC90S,IC92K,PC93A,HC94Q,QC95L,SC98T",0.73,3.60,2.57,-2.32
1rew,"KC88R,SC90T,KC92I,AC93P,QC94H,LC95Q,TC98D,AC74T,MC78L,KC79G,YC80L",-0.27,4.84,-0.66,-3.01
2qj9,"AC74T,MC78L,KC79G,YC80L",0.46,3.33,0.18,-1.39
2qja,"TC74A,LC78M,GC79K,LC80Y",-0.46,3.85,-0.64,-1.01
2qja,"RC88K,TC90S,IC92K,PC93A,HC94Q,QC95L,SC98T,TC74A,LC78M,GC79K,LC80Y",0.27,11.39,0.14,-2.49
1rew,"KC88R,SC90T,KC92I,AC93P,QC94H,LC95Q,TC98D,AC74T,MC78L,KC79G,YC80L,GC42H,DC46E,AC61T,IC62M",-1.15,7.90,0.03,-3.61
2qj9,"AC74T,MC78L,KC79G,YC80L,GC42H,DC46E,AC61T,IC62M",-0.42,8.02,-1.25,-1.26
2qja,"GC42H,DC46E,AC61T,IC62M",-0.88,4.91,0.47,-0.11
2qjb,"HC42G,EC46D,TC61A,MC62I",0.88,3.54,0.75,-0.93
2qjb,"TC74A,LC78M,GC79K,LC80Y,HC42G,EC46D,TC61A,MC62I",0.42,8.14,1.27,-2.61
2qjb,"RC88K,TC90S,IC92K,PC93A,HC94Q,QC95L,SC98T,TC74A,LC78M,GC79K,LC80Y,HC42G,EC46D,TC61A,MC62I",1.15,15.02,2.95,-3.11
1xxm,"AC1074K,AC1142F,AC1143Y,AA104E,AA105Y",2.41,3.77,-6.12,1.12
1jtg,"RA243A,SA235A,SA130A,DB49A",-0.89,-4.60,2.89,-2.64
1jtg,"SA235A,SA130A,KA234A,DB49A",-0.61,-5.16,2.36,-2.60
1jtg,"RA243A,SA235A,KA234A,DB49A",-2.03,-4.17,2.80,-2.97
1jtg,"KA234A,SA130A,RA243A,DB49A",-1.49,-5.16,2.76,-3.71
1jtg,"KA234A,SA235A,SA130A,RA243A,DB49A",-1.73,-5.16,2.81,-4.44
1jtg,"KA234A,SA235A,SA130A,RA243A",-2.79,-3.33,2.15,-2.13
1jtg,"KB74A,FB142A,YB143A,EA104A",-2.39,-4.37,8.11,-4.05
1jtg,"KB74A,FB142A,YB143A,YA105A",-4.23,-5.05,10.56,-4.34
1jtg,"KB74A,FB142A,EA104A,YA105A",-3.13,-4.02,10.01,-4.02
1jtg,"KB74A,YB143A,EA104A,YA105A",-1.77,-1.25,7.92,-3.72
1jtg,"FB142A,YB143A,EA104A,YA105A",-2.84,-4.23,10.30,-3.78
1jtg,"KB74A,FB142A,YB143A,EA104A,YA105A",-2.41,-4.54,10.89,-4.14
1jtg,"KB74A,FB142A,YB143A,RA243A",-5.26,-7.01,9.10,-5.59
1jtg,"KB74A,FB142A,YB143A,KA234A",-5.47,-6.86,8.99,-5.51
1jtg,"KB74A,FB142A,YB143A,SA130A",-5.06,-6.39,7.52,-4.79
1jtg,"VB165K,DB163K,DB135K,NB89K",3.36,6.34,-2.11,1.76
2g2u,"EB73M,SB130K,FB142W,YB143F,SB146M",2.93,6.80,-1.27,1.36
2g2u,"EB73M,SB130K,FB142W,YB143F",2.02,4.35,-1.19,1.43
1jtg,"EA104A,EB73M,KB74A,FB142A",-2.59,-1.60,7.39,-3.92
2g2u,"DA104A,EB73M,KB74A,FB142A",0.99,1.82,5.61,-0.21
1a22,"NB272A,TB273A,QB274A,EB275A",0.14,-0.34,0.19,-0.21
1a22,"NB272A,TB273A,QB274A,EB275A,WB276A,WB280A",-0.17,-0.53,3.03,-1.24
1a22,"SB298A,SB302A,EB320A,KB321A",0.9,2.19,0.34,-0.04
1a22,"SB298A,SB302A,EB320A,KB321A,QB366A,KB367A,VB371A",1.4,6.65,0.96,-0.82
1a22,"EB383A,KB385A,KB387A,DB390A",-0.12,0.01,0.26,-0.24
1a22,"KB403A,DB405A,KB406A,EB407A,EB409A",-1.12,0.00,0.18,-0.67
1a22,"DA11A,MA14V,HA18Q,RA19H,FA25A,QA29K,EA33R",-0.75,5.93,2.98,-1.18
1a22,"NA12R,MA14V,LA15V,RA16L,RA19Y,FA25S,DA26E,QA29S,EA30Q,EA33K",-1.4,6.45,2.13,-1.90
1a22,"NA12R,MA14V,LA15V,RA16L,RA19Y",-1.68,0.42,0.55,-1.23
1a22,"QA22N,FA25S,DA26E,QA29S,EA30Q,EA33K",0.09,6.67,1.73,-1.53
1a22,"QA46H,NA47D,PA48S,QA49E,LA52F",-1.18,3.82,1.51,-0.08
1a22,"PA48A,TA50A,SA51A,LA52F",-0.6,1.70,0.51,-0.29
1a22,"SA57T,TA60A,SA62T,NA63G,RA64K,EA65D,TA67A,KA70R,NA72D,LA73V",-1.68,7.24,2.14,-3.23
1a22,"FA54H,SA55T,EA56S,IA58L,PA59A,SA62E,NA63D,RA64K,EA66Q,TA67A,KA70M,SA71N,NA72Q,LA73K,EA74D",-2.5,6.40,2.86,-4.28
1a22,"EA88G,QA91Y,FA92H,RA94T,SA95E",-0.19,0.00,0.40,-0.02
1a22,"FA97R,AA98G,NA99M,SA100Q,LA101D,VA102A,YA103P,GA104E",-0.26,-0.16,0.47,-1.10
1a22,"YA111V,LA113I,KA115E,DA116Q,EA118K,EA119R,QA122E,TA123G,GA126L,RA127I,EA129S",-0.25,0.04,0.07,-1.22
1a22,"RA167K,DA171H,IA179V,QA181K",-1.95,5.54,0.86,-2.94
1bp3,"DA11A,MA14V,HA18Q,RA19H,FA25A,QA29K,EA33R",-3.6,11.03,2.00,-1.67
1bp3,"PA48A,TA50A,SA51A,LA52F",-0.25,2.40,1.19,0.38
1bp3,"SA57T,TA60A,SA62T,NA63G,RA64K,EA65D,TA67A,KA70R,NA72D,LA73V",-2.3,9.53,-1.31,-2.54
1bp3,"QA46H,NA47D,PA48S,QA49E,LA52F",-0.25,1.33,0.60,0.58
1bp3,"NA12R,MA14V,LA15V,RA16L,RA19Y",-0.38,3.90,0.29,-0.45
1bp3,"QA22N,FA25S,DA26E,QA29S,EA30Q,EA33K",-1.61,5.11,1.59,-1.38
1bp3,"FA54H,SA55T,EA56S,IA58L,PA59A,SA62E,NA63D,RA64K,EA66Q,TA67A,KA70M,SA71N,NA72Q,LA73K,EA74D",-0.35,5.70,-3.43,-2.84
1bp3,"EA88G,QA91Y,FA92H,RA94T,SA95E",-0.21,0.02,0.34,0.01
1bp3,"FA97R,AA98G,NA99M,SA100Q,LA101D,VA102A,YA103P,GA104E",-0.38,0.02,0.23,-1.13
1bp3,"YA111V,LA113I,KA115E,DA116Q,EA118K,EA119R,RA120L,QA122E,TA123G,GA126L,RA127I,EA129S",0.39,0.33,0.35,-0.94
1jrh,"II35N,PI37S,VI39T,VI41I",-0.14,0.00,-0.25,-0.22
1jrh,"SI71Y,DI72E,HI73Q,VI74I,GI75M,DI76Y,SI78D,NI79V,LI81A",-2.96,0.90,-1.72,-0.47
1cho,"PI14S,AI15R,TI17P,LI18R",-8.37,-1.24,-1.97,-7.36
1cho,"KI13R,AI15R,TI17K,LI18R",-7.92,-3.46,0.57,-6.48
1cho,"KI13R,PI14F,AI15R,TI17K,LI18R",-7.99,-2.98,-0.60,-5.45
1cho,"PI14S,AI15L,TI17K,LI18R",-7.2,-1.60,0.33,-5.36
1cho,"AI15R,TI17K,LI18R,EI19S",-8.28,-4.63,-0.81,-8.19
1r0r,"PI14S,AI15L,TI17K,LI18R",-4.82,3.05,2.78,-2.45
3sgb,"PI14S,AI15R,TI17P,LI18R",-8.12,-0.46,-0.81,-6.71
3sgb,"KI13R,AI15R,TI17K,LI18R",-5.52,-0.37,-2.59,-4.97
3sgb,"KI13R,PI14F,AI15R,TI17K,LI18R",-5.66,-2.39,-2.23,-3.77
3sgb,"AI15R,TI17K,LI18R,RI21L",-6.89,0.11,-1.23,-5.63
3sgb,"PI14S,AI15L,TI17K,LI18R",-4.91,1.70,-1.27,-3.92
3sgb,"AI15R,TI17K,LI18R,EI19S",-7.09,2.61,-0.29,-6.63
1cho,"EI10D,AI15V,TI17P,EI19D,RI21M,NI28S,GI32S,NI45S,SI51R",-7.23,4.42,2.42,-4.36
1cho,"TI17P,LI18K,EI19D,LI23V,SI51N,HI52R",-6.9,0.29,2.56,-5.39
1cho,"TI17P,LI18K,EI19D,LI23V,SI51N",-7.05,0.23,2.60,-6.07
1cho,"TI17P,LI18K,EI19D,LI23V,GI32S,SI51N",-7.42,0.27,3.59,-6.26
1cho,"EI10G,KI13Q,PI14S,TI17P,LI18Q,EI19D,RI21V,LI23F,GI32S,VI42A,EI43D",-7.4,-0.64,3.57,-4.90
1cho,"EI10D,YI11H,AI15V,TI17S,RI21M,NI28S,GI32S,NI36D",-4.8,2.06,3.52,-3.94
1cho,"EI10D,AI15V,TI17S,RI21M,NI28S,GI32N,NI36D,SI51G",-4.3,1.36,1.99,-3.95
1cho,"EI10D,AI15V,TI17S,RI21M,NI28S,GI32S,EI43D",-5.38,2.99,3.19,-3.63
1cho,"VI6I,EI10D,AI15V,TI17S,RI21M,NI28S,GI32S,EI43D,TI49I",-5.35,1.79,3.01,-3.59
1cho,"EI10D,AI15V,TI17S,RI21M,NI28S,GI32S,VI42A,EI43D",-4.92,3.67,3.10,-3.68
1cho,"EI10D,RI21M,KI29Q,GI32S,NI36S,EI43D",-1.29,1.39,3.32,-1.14
1cho,"RI21M,KI29Q,GI32S,EI43D",-2.96,1.69,2.78,-1.53
1cho,"EI10D,KI13R,AI15D,RI21M,EI43D",-2.39,1.73,-0.37,-1.16
1cho,"EI10D,RI21M,KI34R,EI43D",-2.42,1.84,0.78,-1.33
1cho,"EI10G,LI18M,RI21M,EI43D",-2.66,2.76,4.11,-3.26
1cho,"EI10D,LI18M,RI21M,EI43D",-2.69,1.72,3.59,-3.18
1cho,"EI10D,LI18V,RI21M,GI32D,EI43D",-9.39,-2.58,4.71,-4.90
1cho,"EI10D,LI18V,RI21M,EI43D",-6.52,-0.21,2.78,-3.24
1cho,"EI10D,TI17R,LI18M,RI21M,EI43D",-6.44,1.50,3.41,-4.80
1cho,"EI10G,LI18M,RI21M,EI43D,KI55E",-1.86,3.20,4.83,-3.29
1cho,"DI7N,EI10G,LI18M,RI21M,EI43D,KI55E",-1.89,3.17,6.29,-3.19
1cho,"EI10D,AI15V,TI17S,RI21M,NI28S,GI32S,NI36D,EI43D,TI49N",-4.21,2.00,3.35,-3.59
1cho,"EI10D,AI15V,TI17S,RI21M,NI28S,GI32S,NI36D,EI43D",-4.36,2.00,3.55,-3.52
1cho,"EI10D,AI15V,TI17S,RI21M,NI28S,GI32S,NI36D,VI41F,EI43D,TI49S",-4.17,2.44,3.58,-2.89
1cho,"AI15V,TI17S,RI21M,NI28S,KI29Q,GI32S,KI34E,EI43D",-6.54,1.54,1.96,-3.82
1cho,"EI10D,YI11H,TI17L,LI18Q,YI20Q,RI21K,LI23I,GI32D,NI36S,EI43D",-10.9,-0.52,4.04,-5.59
1cho,"EI10D,YI11H,TI17L,LI18Q,YI20Q,RI21K,GI32D,NI36S,EI43D",-10.98,1.81,3.94,-5.61
1cho,"LI18M,LI23V,KI29I,EI43K",-1.02,0.16,4.08,-1.07
1cho,"AI15G,LI18M,LI23V,KI29I,EI43K",-1.1,-0.30,4.26,-1.83
1cho,"EI10D,KI13M,LI18M,LI23V",-0.52,0.91,2.21,-1.64
1cho,"EI10G,LI18M,YI20S,LI23I,KI29T,GI32S,HI52Y,FI53P,KI55V",-2.76,-0.30,5.77,-4.37
1cho,"LI18M,SI51N,HI52R,KI55Q",-0.27,0.79,3.31,-0.71
1cho,"YI11H,YI20D,TI30I,GI32S,NI36D,VI42L",-6.79,-1.13,3.52,-5.29
1cho,"LI18M,YI20H,KI29Q,GI32D",-4.17,-0.33,3.15,-5.88
1cho,"EI10D,TI17L,RI21M,GI32D,NI36S,EI43D,TI49S",-9.09,1.69,3.32,-4.39
1cho,"AI15G,TI17M,LI18M,YI20R,RI21L,GI32N,NI33D,SI51N,KI55E",-9.08,1.95,6.51,-5.70
1cho,"EI10D,RI21M,LI23F,NI28S,GI32S,EI43D",-2.63,3.86,2.72,-1.10
1cho,"EI10G,KI13Q,TI17S,RI21V,LI23F,GI32S,NI36D,VI42A,EI43D",-1.61,1.13,3.77,-2.16
1cho,"EI10D,TI17S,EI19D,RI21M,NI28S,GI32S,EI43D,GI54E",-7.55,0.88,3.37,-4.26
1cho,"EI10D,AI15V,YI20E,RI21M,EI43D",-7.72,3.52,1.80,-4.41
1cho,"EI10D,AI15V,TI17S,RI21M,VI42A,EI43D",-5.18,1.83,1.30,-2.47
1cho,"DI7N,EI10D,AI15V,TI17S,EI19L,RI21M,VI42A,EI43D",-6.37,1.49,1.36,-3.85
1cho,"YI11H,EI19D,LI23I,NI28S,GI32S,NI36D,VI42M,EI43D",-0.14,1.67,1.66,-1.32
1cho,"EI10D,AI15V,EI19D,RI21M,KI29T,GI32S,EI43D,LI48I",-5.6,0.76,2.85,-3.30
1cho,"EI10D,AI15V,TI17S,EI19D,RI21M,KI29T,GI32N,NI36I,EI43D,LI48I",-7.51,-1.02,2.54,-4.86
1cho,"EI10D,KI13R,AI15V,EI19D,RI21M,GI32S,EI43D,LI48I,KI55R",-4.96,3.80,1.78,-3.28
1cho,"EI10D,AI15V,EI19D,RI21M,GI32S,EI43D,LI48I,KI55R",-5.45,2.53,2.58,-3.24
1cho,"EI10D,LI18M,RI21M,GI32D,EI43D",-5.56,0.70,5.12,-4.90
1cho,"EI10D,LI18F,RI21M,EI43D",-1.02,0.94,0.09,-0.82
1r0r,"EI10D,AI15V,TI17P,EI19D,RI21M,NI28S,GI32S,NI45S,SI51R",-4.87,5.86,5.51,-4.09
1r0r,"TI17P,LI18K,EI19D,LI23V,SI51N",-7.44,0.46,7.22,-6.05
1r0r,"TI17P,LI18K,EI19D,LI23V,GI32S,SI51N",-7.57,2.33,7.36,-6.13
1r0r,"EI10G,KI13Q,PI14S,TI17P,LI18Q,EI19D,RI21V,LI23F,GI32S,VI42A,EI43D",-3.52,0.57,8.84,-5.02
1r0r,"EI10D,YI11H,AI15V,TI17S,RI21M,NI28S,GI32S,NI36D",-0.34,3.60,2.29,-1.33
1r0r,"AI15V,TI17S,LI18P,RI21M,NI28S,GI32N,NI36D,NI39S,SI51G",-9.1,-3.01,14.19,-4.57
1r0r,"EI10D,AI15V,TI17S,RI21M,NI28S,GI32N,NI36D,SI51G",-0.48,2.21,-0.44,-0.86
1r0r,"EI10D,AI15V,TI17S,RI21M,NI28S,GI32S,EI43D",-0.2,3.92,2.21,-0.42
1r0r,"VI6I,EI10D,AI15V,TI17S,RI21M,NI28S,GI32S,EI43D,TI49I",-0.28,3.64,2.19,-0.72
1r0r,"EI10D,AI15V,TI17S,RI21M,NI28S,GI32S,VI42A,EI43D",0.05,3.98,0.84,-0.58
1r0r,"EI10D,RI21M,KI29Q,GI32S,NI36S,EI43D",-0.66,2.64,-0.26,-0.59
1r0r,"RI21M,KI29Q,GI32S,EI43D",-1.1,1.91,-0.59,-0.74
1r0r,"EI10D,KI13R,AI15D,RI21M,EI43D",-5.69,-2.87,-3.08,-0.28
1r0r,"EI10D,RI21M,KI34R,EI43D",0.08,0.43,-0.04,-0.14
1r0r,"EI10G,LI18M,RI21M,EI43D",0.24,0.24,3.27,-0.56
1r0r,"EI10D,LI18M,RI21M,EI43D",0.24,0.41,3.25,-0.30
1r0r,"EI10D,LI18V,RI21M,GI32D,EI43D",-4.6,1.35,1.97,-1.50
1r0r,"EI10D,LI18V,RI21M,EI43D",-2.35,-0.94,3.30,-0.32
1r0r,"EI10D,TI17R,LI18M,RI21M,EI43D",-3.35,1.82,0.01,-0.80
1r0r,"EI10G,LI18M,RI21M,EI43D,KI55E",0.69,0.78,2.36,-0.78
1r0r,"DI7N,EI10G,LI18M,RI21M,EI43D,KI55E",1.03,0.83,2.36,-0.90
1r0r,"EI10D,AI15V,TI17S,YI20D,RI21M,NI28S,GI32S,EI43D",-5.26,3.74,2.64,-4.26
1r0r,"EI10D,AI15V,TI17S,RI21M,NI28S,GI32S,NI36D,EI43D,TI49N",-0.07,3.50,1.41,-0.38
1r0r,"EI10D,AI15V,TI17S,RI21M,NI28S,GI32S,NI36D,EI43D",-0.11,3.50,0.95,-0.36
1r0r,"EI10D,AI15V,TI17S,RI21M,NI28S,GI32S,NI36D,VI41F,EI43D,TI49S",-0.04,3.60,0.25,-0.17
1r0r,"AI15V,TI17S,RI21M,NI28S,KI29Q,GI32S,KI34E,EI43D",-1.38,5.46,1.18,-0.79
1r0r,"LI18M,LI23V,KI29I,EI43K",0.83,-0.04,3.32,-0.60
1r0r,"AI15G,LI18M,LI23V,KI29I,EI43K",-1.02,0.46,3.96,-1.47
1r0r,"EI10D,KI13M,LI18M,LI23V",1.73,0.65,2.42,-0.63
1r0r,"EI10G,LI18M,YI20S,LI23I,KI29T,GI32S,HI52Y,FI53P,KI55V",-3.3,-0.45,4.01,-4.30
1r0r,"LI18M,SI51N,HI52R,KI55Q",0.63,0.38,2.58,-0.10
1r0r,"EI10D,TI17L,RI21M,GI32D,NI36S,EI43D,TI49S",-3.76,1.91,-0.91,-1.33
1r0r,"EI10D,RI21M,LI23F,NI28S,GI32S,EI43D",-1.28,1.78,-0.14,0.22
1r0r,"EI10G,KI13Q,TI17S,RI21V,LI23F,GI32S,NI36D,VI42A,EI43D",0,2.32,-0.70,-0.21
1r0r,"EI10D,TI17S,EI19D,RI21M,NI28S,GI32S,EI43D,GI54E",-1.28,5.28,0.68,-1.38
1r0r,"EI10D,AI15V,YI20E,RI21M,EI43D",-2.82,1.15,1.96,-1.95
1r0r,"EI10D,AI15V,TI17S,RI21M,VI42A,EI43D",1.14,2.14,1.52,-0.22
1r0r,"DI7N,EI10D,AI15V,TI17S,EI19L,RI21M,VI42A,EI43D",0.9,5.88,1.96,-1.09
1r0r,"EI10D,AI15V,YI20D,RI21M,KI29I,GI32H,NI36Y,VI42A,EI43H,LI50F",-5.61,0.90,-0.18,-3.37
1r0r,"EI10D,KI13Q,AI15V,TI17M,LI18G,EI19D,RI21M,NI28S,GI32S,EI43D,SI51N",-3.06,1.87,3.88,-3.45
1r0r,"YI11H,EI19D,LI23I,NI28S,GI32S,NI36D,VI42M,EI43D",-0.77,4.24,0.25,-1.61
1r0r,"EI10D,AI15V,EI19D,RI21M,KI29T,GI32S,EI43D,LI48I",0.18,8.26,-0.12,-1.30
1r0r,"EI10D,AI15V,TI17S,EI19D,RI21M,KI29T,GI32N,NI36I,EI43D,LI48I",-1.75,4.12,0.65,-1.90
1r0r,"EI10D,KI13R,AI15V,EI19D,RI21M,GI32S,EI43D,LI48I,KI55R",0.4,7.10,-0.41,-1.35
1r0r,"EI10D,AI15V,EI19D,RI21M,GI32S,EI43D,LI48I,KI55R",0.24,8.38,-0.17,-1.30
1r0r,"EI10D,LI18M,RI21M,GI32D,EI43D",-2,2.87,1.99,-1.45
1r0r,"EI10D,LI18F,RI21M,EI43D",-1.12,0.32,0.33,0.66
3sgb,"EI10D,AI15V,TI17P,EI19D,RI21M,NI28S,GI32S,NI45S,SI51R",-2.5,2.02,3.25,-3.45
3sgb,"TI17P,LI18K,EI19D,LI23V,SI51N,HI52R",-4.77,0.34,0.14,-5.03
3sgb,"TI17P,LI18K,EI19D,LI23V,SI51N",-4.84,0.35,0.22,-5.41
3sgb,"TI17P,LI18K,EI19D,LI23V,GI32S,SI51N",-4.98,-2.34,2.42,-5.49
3sgb,"EI10G,KI13Q,PI14S,TI17P,LI18Q,EI19D,RI21V,LI23F,GI32S,VI42A,EI43D",-4.17,-1.32,4.35,-4.57
3sgb,"EI10D,YI11H,AI15V,TI17S,RI21M,NI28S,GI32S,NI36D",-3.96,-2.00,4.52,-2.50
3sgb,"EI10D,AI15V,TI17S,RI21M,NI28S,GI32N,NI36D,SI51G",-3.84,-0.94,4.35,-2.60
3sgb,"EI10D,AI15V,TI17S,RI21M,NI28S,GI32S,EI43D",-3.16,-1.20,4.51,-1.71
3sgb,"EI10D,AI15V,TI17S,RI21M,NI28S,GI32S,EI43D,TI49I",-2.96,-1.20,4.06,-1.53
3sgb,"EI10D,AI15V,TI17S,RI21M,NI28S,GI32S,VI42A,EI43D",-2.58,-0.85,4.46,-1.55
3sgb,"EI10D,RI21M,KI29Q,GI32S,NI36S,EI43D",-1.67,-1.01,3.42,-1.09
3sgb,"RI21M,KI29Q,GI32S,EI43D",-2.08,-1.13,3.19,-1.21
3sgb,"EI10D,KI13R,AI15D,RI21M,EI43D",0.28,-0.08,0.22,0.54
3sgb,"EI10D,RI21M,KI34R,EI43D",0.14,1.50,0.36,-0.13
3sgb,"EI10G,LI18M,RI21M,EI43D",-0.9,1.62,2.32,-1.36
3sgb,"EI10D,LI18M,RI21M,EI43D",-0.47,1.77,2.39,-0.96
3sgb,"EI10D,LI18V,RI21M,GI32D,EI43D",-3.97,-0.49,5.02,-2.48
3sgb,"EI10D,LI18V,RI21M,EI43D",-2.99,2.48,1.55,-1.04
3sgb,"EI10D,TI17R,LI18M,RI21M,EI43D",-2.35,2.18,0.57,-2.29
3sgb,"EI10G,LI18M,RI21M,EI43D,KI55E",-0.18,2.20,2.49,-1.40
3sgb,"DI7N,EI10G,LI18M,RI21M,EI43D,KI55E",-0.02,1.60,2.05,-1.49
3sgb,"EI10D,AI15V,TI17S,YI20D,RI21M,NI28S,GI32S,EI43D",-4.8,-2.01,4.73,-4.31
3sgb,"EI10D,AI15V,TI17S,RI21M,NI28S,GI32S,NI36D,EI43D,TI49N",-3.29,-1.52,4.35,-1.95
3sgb,"EI10D,AI15V,TI17S,RI21M,NI28S,GI32S,NI36D,EI43D",-3.32,-1.51,4.56,-1.93
3sgb,"EI10D,AI15V,TI17S,RI21M,NI28S,GI32S,NI36D,VI41F,EI43D,TI49S",-3.26,-1.07,4.33,-1.49
3sgb,"AI15V,TI17S,RI21M,NI28S,KI29Q,GI32S,KI34E,EI43D",-4.42,-0.96,4.88,-1.82
3sgb,"EI10D,YI11H,TI17L,LI18Q,YI20Q,RI21K,LI23I,GI32D,NI36S,EI43D",-7.33,-5.45,1.02,-5.24
3sgb,"EI10D,YI11H,TI17L,LI18Q,YI20Q,RI21K,GI32D,NI36S,EI43D",-7.36,-4.18,1.64,-5.30
3sgb,"LI18M,LI23V,KI29I,EI43K",-0.81,-0.02,1.62,-1.12
3sgb,"AI15G,LI18M,LI23V,KI29I,EI43K",-3.18,-1.37,2.85,-1.96
3sgb,"EI10D,KI13M,LI18M,LI23V",-0.08,0.64,2.05,-0.92
3sgb,"EI10G,LI18M,YI20S,LI23I,KI29T,GI32S,HI52Y,FI53P,KI55V",-3.64,-5.17,5.36,-4.18
3sgb,"LI18M,SI51N,HI52R,KI55Q",-0.22,0.63,1.13,-0.76
3sgb,"YI11H,YI20D,TI30I,GI32S,NI36D,VI42L",-5.53,-4.17,3.41,-3.78
3sgb,"EI10D,TI17L,RI21M,GI32D,NI36S,EI43D,TI49S",-3.72,1.12,1.25,-2.68
3sgb,"AI15G,TI17M,LI18M,YI20R,RI21L,GI32N,NI33D,SI51N,KI55E",-7.9,-2.82,2.28,-5.02
3sgb,"EI10D,RI21M,LI23F,NI28S,GI32S,EI43D",-1.59,-0.85,3.57,-0.28
3sgb,"EI10G,KI13Q,TI17S,RI21V,LI23F,GI32S,NI36D,VI42A,EI43D",-3.14,-2.78,4.87,-1.48
3sgb,"EI10D,TI17S,EI19D,RI21M,NI28S,GI32S,EI43D,GI54E",-4.61,-0.94,3.31,-2.35
3sgb,"EI10D,AI15V,YI20E,RI21M,EI43D",-1.69,1.51,1.25,-1.55
3sgb,"EI10D,AI15V,TI17S,RI21M,VI42A,EI43D",-1.48,1.70,1.44,-1.02
3sgb,"DI7N,EI10D,AI15V,TI17S,EI19L,RI21M,VI42A,EI43D",-2.6,3.52,-0.06,-1.77
3sgb,"EI10D,AI15V,YI20D,RI21M,KI29I,GI32H,NI36Y,VI42A,EI43H,LI50F",-2.29,1.18,0.78,-2.94
3sgb,"EI10D,KI13Q,AI15V,TI17M,LI18G,EI19D,RI21M,NI28S,GI32S,EI43D,SI51N",-5.74,-3.63,7.87,-4.63
3sgb,"YI11H,EI19D,LI23I,NI28S,GI32S,NI36D,VI42M,EI43D",-2.29,-2.96,3.08,-1.76
3sgb,"EI10D,AI15V,EI19D,RI21M,KI29T,GI32S,EI43D,LI48I",-1.18,-0.46,3.46,-1.56
3sgb,"EI10D,AI15V,TI17S,EI19D,RI21M,KI29T,GI32N,NI36I,EI43D,LI48I",-4.2,2.44,3.08,-4.15
3sgb,"EI10D,KI13R,AI15V,EI19D,RI21M,GI32S,EI43D,LI48I,KI55R",0.08,-0.07,2.87,-1.22
3sgb,"EI10D,AI15V,EI19D,RI21M,GI32S,EI43D,LI48I,KI55R",-1.07,-0.05,4.48,-1.46
3sgb,"EI10D,LI18M,RI21M,GI32D,EI43D",-1.95,-2.11,4.51,-2.32
3sgb,"EI10D,LI18F,RI21M,EI43D",-0.77,2.50,-1.26,-0.10
1ppf,"EI10D,AI15V,TI17P,EI19D,RI21M,NI28S,GI32S,NI45S,SI51R",-3.29,0.29,1.77,-2.97
1ppf,"EI10G,KI13Q,PI14S,TI17P,LI18Q,EI19D,RI21V,LI23F,GI32S,VI42A,EI43D",-5.95,-5.64,1.10,-4.46
1ppf,"EI10D,YI11H,AI15V,TI17S,RI21M,NI28S,GI32S,NI36D",-0.29,-0.35,1.63,-1.15
1ppf,"AI15V,TI17S,LI18P,RI21M,NI28S,GI32N,NI36D,NI39S,SI51G",-7.27,-0.45,10.71,-5.14
1ppf,"EI10D,AI15V,TI17S,RI21M,NI28S,GI32N,NI36D,SI51G",-1,1.80,1.90,-1.17
1ppf,"EI10D,AI15V,TI17S,RI21M,NI28S,GI32S,EI43D",-2.06,-1.33,2.79,-1.47
1ppf,"VI6I,EI10D,AI15V,TI17S,RI21M,NI28S,GI32S,EI43D,TI49I",-1.94,-1.57,2.79,-1.30
1ppf,"EI10D,AI15V,TI17S,RI21M,NI28S,GI32S,VI42A,EI43D",-1.59,-0.84,2.49,-1.29
1ppf,"EI10D,RI21M,KI29Q,GI32S,NI36S,EI43D",0.44,1.42,2.03,-0.29
1ppf,"RI21M,KI29Q,GI32S,EI43D",-0.07,-0.43,0.68,-0.75
1ppf,"EI10D,KI13R,AI15D,RI21M,EI43D",-0.13,3.83,-3.20,0.38
1ppf,"EI10D,LI18M,RI21M,EI43D",-0.82,0.70,-0.05,-0.70
1ppf,"EI10D,LI18V,RI21M,GI32D,EI43D",-1.38,-1.43,0.30,-1.36
1ppf,"EI10D,LI18V,RI21M,EI43D",-0.04,1.33,-1.19,-0.61
1ppf,"EI10D,TI17R,LI18M,RI21M,EI43D",-4.56,4.00,-0.91,-1.42
1ppf,"EI10G,LI18M,RI21M,EI43D,KI55E",0.01,2.27,-2.40,-0.80
1ppf,"DI7N,EI10G,LI18M,RI21M,EI43D,KI55E",-0.04,1.97,-1.96,-0.94
1ppf,"EI10D,AI15V,TI17S,YI20D,RI21M,NI28S,GI32S,EI43D",-7.38,-2.79,3.25,-4.81
1ppf,"EI10D,AI15V,TI17S,RI21M,NI28S,GI32S,NI36D,EI43D",0.03,-0.76,1.42,-0.79
1ppf,"AI15V,TI17S,RI21M,NI28S,KI29Q,GI32S,KI34E,EI43D",-1.92,2.02,-0.97,-1.82
1ppf,"LI18M,LI23V,KI29I,EI43K",-1.37,2.21,0.89,-0.97
1ppf,"AI15G,LI18M,LI23V,KI29I,EI43K",-2.25,3.32,1.51,-1.58
1ppf,"EI10D,KI13M,LI18M,LI23V",-1.61,-0.70,-1.06,-1.02
1ppf,"EI10G,LI18M,YI20S,LI23I,KI29T,GI32S,HI52Y,FI53P,KI55V",-5.54,-4.53,3.54,-4.50
1ppf,"EI10D,TI17L,RI21M,GI32D,NI36S,EI43D,TI49S",-4.31,0.18,-0.76,-1.49
1ppf,"EI10D,RI21M,LI23F,NI28S,GI32S,EI43D",-0.45,-0.98,1.79,0.16
1ppf,"EI10G,KI13Q,TI17S,RI21V,LI23F,GI32S,NI36D,VI42A,EI43D",-0.5,-2.25,2.22,-0.24
1ppf,"EI10D,TI17S,EI19D,RI21M,NI28S,GI32S,EI43D,GI54E",-3.24,-0.96,1.53,-1.91
1ppf,"EI10D,AI15V,YI20E,RI21M,EI43D",-6.44,2.55,-1.59,-3.37
1ppf,"EI10D,AI15V,TI17S,RI21M,VI42A,EI43D",-1.21,3.07,-1.44,-0.81
1ppf,"DI7N,EI10D,AI15V,TI17S,EI19L,RI21M,VI42A,EI43D",-1.38,4.34,0.43,-1.49
1ppf,"EI10D,AI15V,YI20D,RI21M,KI29I,GI32H,NI36Y,VI42A,EI43H,LI50F",-4.86,-1.49,-0.90,-4.57
1ppf,"YI11H,EI19D,LI23I,NI28S,GI32S,NI36D,VI42M,EI43D",-0.32,-5.48,1.88,-0.72
1ppf,"EI10D,AI15V,EI19D,RI21M,KI29T,GI32S,EI43D,LI48I",-1.89,2.42,1.17,-1.64
1ppf,"EI10D,AI15V,TI17S,EI19D,RI21M,KI29T,GI32N,NI36I,EI43D,LI48I",-4.53,0.88,2.55,-3.63
1ppf,"EI10D,KI13R,AI15V,EI19D,RI21M,GI32S,EI43D,LI48I,KI55R",-2.29,1.75,1.87,-1.43
1ppf,"EI10D,AI15V,EI19D,RI21M,GI32S,EI43D,LI48I,KI55R",-2.45,-1.56,1.78,-1.51
1ppf,"EI10D,LI18F,RI21M,EI43D",-4.49,-1.45,-1.60,0.05
2p5e,"TD51P,PD52F,AE49S,IE50V,QE51G,TE52M,LD95T,LD96S,DD97G,TD99S,LE94V",-1.96,4.21,1.23,-3.59
2p5e,"TD51Q,PD52S,WD53S,AE49G,IE50A,QE51G",-4.41,-1.05,2.09,-3.38
2p5e,"TD51Q,PD52S,WD53S,AE49G,IE50A,QE51G,TE52I,LD95T,LD96S,DD97G,TD99S,LE94V",-7.95,0.30,1.48,-6.10
2p5e,"YD31D,TD51Q,PD52S,WD53S,AE49G,IE50A,QE51G,TE52I,LD95T,LD96S,DD97G,TD99S,LE94V",-7.77,1.14,4.38,-6.46
2pye,"QD51T,SD52P,SD53W,GE49A,AE50I,GE51Q",4.41,0.43,2.99,-0.64
2pye,"QD51P,SD52F,SD53W,GE49S,AE50V,TE52M,LD95T,LD96S,DD97G,TD99S,LE94V",2.45,5.78,2.92,-3.08
2pye,"TE52I,LD95T,LD96S,DD97G,TD99S,LE94V",-3.54,5.07,1.09,-3.19
2pye,"YD31D,TE52I,LD95T,LD96S,DD97G,TD99S,LE94V",-3.37,3.76,4.05,-6.46
2pye,"YD31D,QD51T,SD52P,SD53W,GE49A,AE50I,GE51Q",-3.2,0.37,5.40,-5.97
5e9d,"GD28R,TD91Q,VE50E,AE99D",3.12,3.49,-1.97,0.85
5e9d,"GD28E,TD91Q,VE50D,AE99E",2.64,2.72,-1.30,1.07
5e9d,"GD28R,TD91Q,VE50E,AE99V",2.76,3.53,-1.33,0.24
1ao7,"AE99M,GE100S,GE101A,RE102E",3.9,5.09,-1.96,1.31
1ao7,"AE99M,GE100S,GE101A,RE102Q",3.96,4.57,-1.90,0.96
4ftv,"ME99A,SE100G,AE101G,QE102R",-3.96,2.39,3.55,-2.95
3hg1,"SE50Y,VE51G,GE52P,IE53F",1.58,2.44,2.20,0.07
3hg1,"SE50W,VE51G,GE52P,IE53F",1.77,2.27,2.34,-0.03
3hg1,"SE50F,VE51G,GE52P,IE53Y",2.03,3.22,2.29,-0.19
3hg1,"SE50Y,VE51G,GE52P,IE53Y",1.73,3.26,2.30,0.04
3hg1,"SE50Y,VE51G,GE52P,IE53F,TE100M,EE102G,LE103W,FE104Q",1.49,6.37,1.81,-0.06
3hg1,"SE50Y,VE51G,GE52P,IE53F,GE99N,TE100L,EE102G,LE103W",2.85,5.62,-0.70,-0.28
3hg1,"SE50W,VE51G,GE52P,IE53F,TE100M,EE102G,LE103W,FE104Q",2.29,6.28,2.13,-0.28
3hg1,"SE50W,VE51G,GE52P,IE53F,GE99N,TE100L,EE102G,LE103W",2.98,6.39,0.43,-0.56
4mnq,"IE50V,HE51G,PE52A,EE53G,YE54I,AD94S,LD95G,PD96T,GD98K",-5.82,6.12,7.76,-5.08
4mnq,"AD94S,LD95G,PD96T,GD98K",-0.92,1.50,5.25,-2.86
4mnq,"HE51W,PE52E,EE53F,YE54E,AD94S,LD95G,PD96T,GD98K",-0.9,5.85,9.89,-2.82
4mnq,"IE50V,HE51G,PE52A,EE53G,YE54I",-1.52,2.33,2.45,-3.16
4mnq,"HE51W,PE52E,EE53F,YE54E",-0.26,3.94,-0.32,-0.04
4mnq,"KC4A,AD94S,LD95G,PD96T,GD98K",-3.63,1.84,9.14,-5.44
4mnq,"KC4A,IE50V,HE51G,PE52A,EE53G,YE54I",-4.25,4.27,2.83,-5.19
4mnq,"KC4A,HE51W,PE52E,EE53F,YE54E",-4.94,4.88,0.41,-3.06
4mnq,"LC6A,AD94S,LD95G,PD96T,GD98K",-5.1,3.66,5.26,-4.60
4mnq,"LC6A,HE51W,PE52E,EE53F,YE54E,AD94S,LD95G,PD96T,GD98K",-5.42,5.85,5.36,-4.80
4mnq,"LC6A,IE50V,HE51G,PE52A,EE53G,YE54I",-4.67,5.52,3.58,-4.86
4mnq,"LC6A,HE51W,PE52E,EE53F,YE54E",-4.39,6.95,0.83,-2.43
1ao7,"DD26W,RD27F,SD51M,SD100T",2.72,9.99,-3.12,1.52
1ao7,"DD26W,RD27F,GD28T,SD51M,SD100T",1.28,10.11,-3.95,1.44
1ao7,"DD26W,RD27F,SD51M,SD100T,VC7R",1.39,10.90,5.53,1.35
1ao7,"RD27F,GD28M,SD51M,SD100T",1.8,9.10,-3.09,1.00
1ao7,"RD27F,GD28T,SD51M,SD100T",1.6,8.34,-1.11,1.09
1ao7,"DD26W,GD28M,SD51M,SD100T",1.08,11.07,-2.85,1.66
1ao7,"DD26W,GD28T,SD51M,SD100T",1.24,9.20,-3.09,1.61
1ao7,"GD28T,AE99M,GE100S,GE101A",3.86,8.11,-1.70,1.02
1ao7,"GD28T,AE99M,GE100S,GE101A,RE102Q",3.96,8.24,-1.91,-0.02
1ao7,"DD26W,AE99M,GE100S,GE101A,RE102Q",4.04,9.36,-1.80,1.01
1ao7,"DD26W,RD27F,SD51M,AE99M,GE100S,GE101A,RE102Q",3.71,12.28,-1.90,0.18
1ao7,"DD26W,RD27F,SD51M,SD100T,AE99M,GE100S,GE101A,RE102Q",3.45,14.28,-2.48,0.79
1ao7,"DD26W,RD27F,GD28T,SD51M,SD100T,RE102P",3.37,12.26,-0.95,1.75
1ao7,"DD26W,RD27F,GD28T,SD51M,SD100T,KD103P,AE52P,RE102P",4.62,13.27,-0.95,1.47
1qab,"VA30M,VB30M,VC30M,VD30M",0.27,0.00,0.05,-1.19
1qab,"LA55P,LB55P,LC55P,LD55P",-0.37,0.01,0.04,-0.80
1qab,"LA58H,LB58H,LC58H,LD58H",0.07,0.00,0.06,0.05
1qab,"TA60A,TB60A,TC60A,TD60A",-0.12,0.00,0.06,-0.12
1qab,"SA85A,SB85A,SC85A,SD85A",-0.9,3.88,-0.51,-1.13
1qab,"DA99A,DB99A,DC99A,DD99A",-1.68,1.87,0.19,-1.26
1qab,"SA100E,SB100E,SC100E,SD100E",-1.64,2.41,0.15,0.40
1qab,"YA114H,YB114H,YC114H,YD114H",-0.68,4.27,1.06,-4.07
1qab,"YA114F,YB114F,YC114F,YD114F",0.39,2.65,0.01,-0.07
1fss,"TB8V,TB9N,RB11K,HB29R,KB32R",-0.8,18.54,-1.39,-1.61
1fss,"TB8V,TB9N,RB11K,HB29R",0.39,17.63,-1.10,-0.65
3g6d,"EL3V,GL76R,TL77V,QL78E,EL80G",-0.14,0.00,1.16,-0.42
3g6d,"TL89S,ML92I,VL93D,TL94K",-0.8,4.57,-0.41,-1.08
3g6d,"EL3V,GL76R,TL77V,QL78E,EL80G,TL89S,ML92I,VL93D,TL94K",-0.27,1.19,0.71,-1.17
3g6d,"EL3V,GL76R,TL77V,QL78E,EL80G,FH103A,HH104A,WH105A",-4.62,-2.41,5.36,-1.84
3g6d,"EL3V,GL76R,TL77V,QL78E,EL80G,DH54N",-0.11,0.28,0.52,-0.82
4k71,"MA418V,AA420T,GA505R,AA547V",-2.89,-0.06,-2.18,-2.28
4k71,"MA418V,AA420T,GA505E,AA547V",-3.46,3.25,2.16,-1.97
3m63,"GB10F,QB11K,SB67Q,HB69V,VB71M",-0.19,4.39,1.40,-1.22
3l5x,"HL91Q,NL92D,EL93L,YL94G",1.79,3.10,4.16,-1.70
3l5x,"HL91Q,NL92D,EL93I,YL94G",1.55,3.18,3.91,-1.70
3l5x,"HL91Q,NL92D,EL93Y,YL94G",1.45,3.83,3.75,-0.96
3l5x,"HL91P,NL92L,EL93D,YL94V",0.86,4.65,2.04,-2.24
3l5x,"HL91P,NL92L,EL93D,YL94T",0.81,4.61,2.28,-2.48
3l5x,"HL91P,NL92I,EL93D,YL94A",0.65,5.60,2.71,-1.81
3l5x,"HL91P,NL92L,EL93D,YL94S",0.63,6.52,2.84,-2.62
4uyp,"ID51S,ND52I,SD15I,ID16N",0.22,-2.05,6.44,-2.43
4uyp,"RD14N,KD50N,SD15I,ID16N",-0.71,2.35,6.37,-1.46
4uyp,"AD18F,AD54F,SD15I,ID16N",-4.84,-0.18,-0.13,0.22
4uyp,"LD20Y,LD56Y,SD15I,ID16N",-0.25,-4.59,1.55,-0.13
4uyp,"DD23Q,DD59Q,SD15I,ID16N",-4.62,5.00,-1.46,-1.83
4uyq,"IB15S,NB16I,SB51I,IB52N",-0.22,-3.05,6.26,-2.37
4uyq,"RB14N,KB50N,SB51I,IB52N",-0.93,0.83,2.52,-1.08
4uyq,"AB18F,AB54F,SB51I,IB52N",-5.05,4.93,-0.53,0.21
4uyq,"LB20Y,LB56Y,SB51I,IB52N",-0.47,0.16,1.41,-0.18
4uyq,"DB23Q,DB59Q,SB51I,IB52N",-4.84,3.85,-1.40,-1.97
1cho,"KI13T,PI14E,AI15Y,LI18G,RI21M,GI32P,NI36V",-5.82,2.62,3.08,-4.77
1cho,"KI13S,PI14D,AI15Y,LI18G,EI19I,RI21K",-7.19,-2.33,3.45,-5.74
1ppf,"KI13T,PI14E,AI15Y,LI18G,RI21M,GI32P,NI36V",-1.75,-4.07,4.15,-2.11
1ppf,"KI13S,PI14D,AI15Y,LI18G,EI19I,RI21K",-3.99,-0.49,1.08,-3.13
1r0r,"KI13T,PI14E,AI15Y,LI18G,RI21M,GI32P,NI36V",-2.39,-0.31,2.34,-0.19
1r0r,"KI13S,PI14D,AI15Y,LI18G,EI19I,RI21K",-0.79,2.37,5.64,-0.46
3sgb,"KI13T,PI14E,AI15Y,LI18G,RI21M,GI32P,NI36V",-1.83,-1.06,7.50,-1.74
3sgb,"KI13S,PI14D,AI15Y,LI18G,EI19I,RI21K",-0.09,0.01,4.05,-1.32
2vn5,"SB47A,TB48F,TA45A,NA47A",-1.69,-0.63,2.63,-2.02
2vn5,"SB47A,TB48F,TA45A,NA47A,YA49A",-3.77,-3.04,5.39,-2.28
2vn5,"SB47A,TB48F,TA45A,NA47A,NA91A",-3.16,-0.78,3.44,-2.16
2vn5,"SB47A,TB48F,TA45A,NA47A,YA49A,NA91A",-5.21,-3.19,6.19,-2.82
2vn5,"SB47A,TB48F,SA76A,SA78A,SA85A",-0.14,0.86,-1.18,-0.43
2vn5,"SB47A,TB48F,LA87A,LA89A",-5.93,-3.68,4.31,-2.15
2vn5,"SB47A,TB48F,MA135G,KA137A",-2.42,0.39,2.00,-1.89
2vn5,"SB47A,TB48F,AB16S,LB17T",-0.36,1.26,1.45,-0.35
2vn5,"SB47A,TB48F,AB16Q,LB17Q",-0.16,-1.93,3.63,-0.10
2vn5,"SB47A,TB48F,FB19A,LB50A",-5.13,-0.85,2.01,-2.44
1bj1,"ML4L,TH28D,NH31H,HH101Y,SH105T",1.79,7.69,-1.78,0.61
1cz8,"LL4M,DH28T,HH31N,YH101H,TH105S",-1.79,-0.66,1.16,-2.17
1bj1,"HH101Y,YH103I,GH104A,SH105K",0.43,3.43,-2.78,0.43
1bj1,"HH101Y,YH103R,GH104N,SH105T",0.76,2.93,-1.83,0.45
1bj1,"TH28D,NH31H,YH54W,HH101Y,SH105T",1.2,8.58,-2.52,0.67
1bj1,"TH28D,NH31H,HH101Y,SH105T",1.75,7.86,-1.92,0.77
1bj1,"HH101Y,YH103R,GH104D,SH105N",1,2.53,-1.84,0.23
1cz8,"LL4M,DH28T,HH31N,YH103R",-0.62,2.29,-0.03,-1.57
1cz8,"LL4M,DH28T,HH31N,TH105K,YH103I,GH104A",-1.36,2.13,-0.72,-2.07
1cz8,"LL4M,DH28T,HH31N,YH103W",-0.75,4.15,-0.49,-1.19
1cz8,"LL4M,DH28T,HH31N,YH103R,GH104N",-1.03,2.42,-0.14,-2.07
1cz8,"LL4M,DH28T,HH31N,YH101H,TH105S,YH54W",-1.66,0.05,0.54,-2.03
1cz8,"LL4M,DH28T,HH31N,YH101H,TH105S,LH72V,TH74V",-2.47,-0.90,0.97,-2.10
1cz8,"LL4M,DH28T,HH31N,YH101H,TH105S,LH72I,TH74K",-1.87,-0.06,0.89,-2.09
1cz8,"LL4M,HH31N,YH101H,TH105S",-1.57,-1.79,0.86,-2.04
1cz8,"LL4M,DH28T,YH101H,TH105S",-1.03,-1.17,0.68,-1.78
1cz8,"LL4M,DH28T,HH31N,TH105S",-0.21,0.67,-0.34,-1.45
1cz8,"LL4M,DH28T,HH31N,YH101H",-1.4,-1.40,1.04,-2.08
1cz8,"LL4M,DH28T,HH31N,TH105N,YH103R,GH104D",-0.8,2.05,-0.08,-2.01
1mhp,"TH50V,KH64E,SL28Q,NL52E",1.27,0.82,-1.43,0.17
1mhp,"TH50V,KH64E,SL28Q,NL52Y",1.04,6.11,-2.72,0.40
1mhp,"TH33I,SH52T,GH53N,GH54N",-1.91,9.25,-1.34,-2.61
1mhp,"TH33I,SH52T,GH53Q,GH54F",-1.26,6.44,-2.68,-1.65
2b2x,"VH50T,EH64K,QL28S,YL52N",-1.04,0.51,0.74,-0.45
2b2x,"VH50T,EH64K,QL28S,YL52N,LL49K",-1.97,1.00,0.93,-0.45
2b2x,"VH50T,EH64K,QL28S,YL52N,LH60D",-0.92,1.00,0.73,-0.34
2b2x,"VH50T,EH64Q,QL28S,YL52N",-0.89,0.91,0.59,-0.45
2b2x,"VH50T,EH64D,QL28S,YL52N",-0.92,0.64,0.39,-0.30
2b2x,"VH50T,EH64N,QL28S,YL52N",-0.97,0.99,0.73,-0.41
2b2x,"VH50T,EH64K,QL28S,YL52N,GH100M",-1.15,6.10,-0.60,-0.63
2b2x,"VH50T,EH64K,QL28S,YL52N,SL24R",-0.98,0.55,0.82,-0.33
2b2x,"VH50T,EH64K,QL28S,YL52E",-0.87,0.52,0.95,-0.32
2b2x,"VH50T,EH64K,QL28S,YL52N,FH99W",-1.04,9.30,-0.54,0.11
2b2x,"VH50T,EH64K,QL28S,YL52N,GH100F",-1.62,5.32,-1.07,0.37
2b2x,"VH50T,EH64K,QL28S,YL52N,GH54Y",-1.04,5.15,1.03,0.12
2b2x,"VH50T,EH64Q,QL28S,YL52N,LH60D",-1.09,1.05,0.48,-0.31
2b2x,"VH50T,QL28S,YL52N,LH60D",-0.9,1.00,-0.05,-0.37
2b2x,"VH50T,EH64K,QL28S,YL52N,NL30V",-2.09,1.01,2.35,-0.66
2b2x,"VH50T,EH64K,QL28S,YL52N,HL31R",-2.17,2.19,-0.16,-0.22
2b2x,"VH50T,EH64K,QL28S,YL52N,HL31K",-2.21,0.87,0.09,-0.25
2b2x,"VH50T,EH64K,QL28S,YL52R",-1.89,0.65,0.32,-0.43
2b2x,"VH50T,EH64K,QL28S,YL52K",-1.7,0.77,0.69,-0.42
2b2x,"VH50T,EH64K,QL28S,YL52N,RH31Q",-2.35,0.71,1.59,-0.31
2b2x,"VH50T,EH64K,QL28S,YL52N,SH35Q",-3.77,0.34,1.21,-0.34
2b2x,"VH50T,EH64K,QL28S,YL52N,YH59E",-1.59,0.87,0.67,-0.51
2b2x,"VH50T,EH64K,QL28S,YL52N,NL30Y",-2.95,2.06,-0.03,-0.66
2b2x,"VH50T,EH64K,QL28S,YL52N,NL30W",-2.62,1.52,-1.67,-0.66
2b2x,"VH50T,EH64K,QL28S,YL52N,SL91T",-3.36,1.33,0.57,-0.49
2b2x,"VH50T,EH64K,QL28S,YL52N,SL91R",-3.77,1.92,-0.50,-0.51
2b2x,"VH50T,EH64K,QL28S,YL52N,GL92Q",-2.62,6.19,0.44,-0.86
2b2x,"VH50T,EH64K,QL28S,YL52N,GL92S",-1.56,6.16,0.71,-0.50
2b2x,"VH50T,EH64K,QL28S,YL52N,SL91R,NL30E",-3.77,2.81,0.57,-0.40
2b2x,"VH50T,EH64K,QL28S,YL52N,SH52M",-3.12,5.86,1.44,-0.88
2b2x,"VH50T,EH64K,QL28S,YL52N,GH53S",-1.72,0.53,0.07,-0.56
2b2x,"VH50T,EH64K,QL28S,YL52N,GH53A",-1.56,3.76,0.40,-0.46
2b2x,"VH50T,EH64K,QL28S,YL52N,GH54I",-2.41,6.50,-1.48,-0.33
2b2x,"VH50T,EH64K,QL28S,YL52N,GH54T",-2.21,8.54,-0.25,-0.54
2b2x,"VH50T,EH64K,QL28S,YL52N,YH58Q",-3.12,6.01,2.54,-0.70
2b2x,"VH50T,EH64K,QL28S,YL52N,YH58E",-3.12,6.56,3.79,-0.77
2b2x,"VH50T,EH64K,QL28S,YL52N,YH58W",-1.86,5.39,1.76,-0.39
2b2x,"VH50T,EH64K,QL28S,YL52N,LL49F",-1.76,1.54,0.51,0.48
2b2x,"VH50T,EH64K,QL28S,YL52N,LL49W",-2.95,2.62,-0.03,0.52
2b2x,"VH50T,EH64K,QL28S,YL52D",-1.54,0.25,1.00,-0.34
2b2x,"VH50T,EH64K,QL28S,YL52N,WL90Q",-3.12,0.51,4.16,-1.93
2b2x,"VH50T,EH64K,QL28S,YL52N,SL91Q",-2.82,2.24,0.17,-0.49
2b2x,"VH50T,EH64K,QL28S,YL52N,WL90Q,FL33Y",-1.91,1.36,3.54,-2.34
2b2x,"VH50T,EH64K,QL28S,YL52N,TH33V",-1.48,4.16,-0.12,-0.53
2b2x,"VH50T,EH64K,QL28S,YL52N,TH33N",-3.77,0.75,0.12,-0.75
2b2x,"VH50T,EH64K,QL28S,YL52N,SH35A",-2.62,3.98,0.43,-0.38
2b2x,"VH50T,EH64K,QL28S,YL52N,FH99Y",-1.8,8.37,0.23,-0.49
2b2x,"VH50T,EH64K,QL28S,YL52N,GH100L",-3.77,5.78,-1.60,-0.82
2b2x,"VH50T,EH64K,QL28S,YL52N,GH100S",-1.6,2.58,1.15,-0.47
2b2x,"EH64K,QL28S,YL52N,SH35V",-3.77,0.18,0.16,-0.38
2b2x,"EH64K,QL28S,YL52N,SH35A",-3.12,0.45,0.21,-0.64
2b2x,"VH50T,EH64K,QL28S,YL52N,SH35A,GH102S",-2.62,6.80,1.21,-1.42
2b2x,"VH50T,EH64K,QL28S,YL52N,SH35V,GH102S",-2.47,4.93,0.47,-1.09
2b2x,"EH64K,QL28S,YL52N,GH102S",-2.71,1.49,-0.19,-1.07
2b2x,"VH50T,EH64K,QL28S,YL52N,HL31W",-2.3,0.33,0.39,0.26
2b2x,"VH50T,EH64K,QL28S,YL52N,NL30Y,SL91I",-1.48,3.07,-2.08,-1.07
2b2x,"VH50T,EH64K,QL28S,YL52N,GH53N",-2.3,0.35,-0.41,-0.62
2b2x,"VH50T,EH64K,QL28S,YL52N,TH33E,GH53Q",-2.71,-0.28,0.95,-0.72
2b2x,"VH50T,EH64K,QL28S,YL52N,TH33I,SH52T,GH53N,GH54N",-2.95,6.31,-2.27,-2.62
2b2x,"VH50T,EH64K,QL28S,YL52N,TH33I,SH52T,GH53Q,GH54F",-2.3,5.40,3.42,-2.01
1mlc,"NA32G,NA92A,SB57V,TB58D",1.73,6.64,-1.48,0.84
1mlc,"NA92A,TB28D,SB57V,TB58D",2.74,8.02,-2.31,0.86
1mlc,"NA92A,TB28D,SB57V,TB58D,NA32L",2.58,11.02,0.27,0.43
1mlc,"NA92A,TB28D,SB57V,TB58D,SB30G",2.36,7.88,-2.29,0.57
1mlc,"NA92A,TB28D,SB57V,TB58D,YB59E",1.47,9.46,-1.12,0.38
1mlc,"NA92A,TB28D,SB57V,TB58D,SA91N",-1.85,7.93,1.39,0.19
1mlc,"NA92A,TB28D,SB57V,TB58D,SA91N,SA93A",1.61,8.18,1.54,-0.86
1mlc,"NA92A,TB28D,SB57V,TB58D,RB98M,DB100Q",0.41,8.83,-2.69,-2.02
1mlc,"NA92A,TB28D,SB57V,TB58D,YB32R,RB98S",-1.85,9.63,-1.64,-0.32
1mlc,"NA92A,TB28D,SB57V,TB58D,EB35S,GB99D",2.95,9.88,-1.12,-2.61
1mlc,"NA92A,TB28D,SB57V,TB58D,YB32W,RB98V,DB100Q",-0.36,8.21,-2.67,-1.60
1mlc,"NA92A,TB28D,SB57V,TB58D,EB35S",-1.91,9.39,-0.04,-1.13
1mlc,"NA92A,TB28D,SB57V,TB58D,GB99D",0.2,6.42,-2.90,-0.91
1yy9,"SC26D,TC31E,NC93A,ND56A,TD61E",0.65,2.68,-1.50,0.49
1n8z,"NA30S,HA91F,YA92W,TA94S,DB102W,YB105F,YB109V",-0.05,16.39,-0.50,-1.19
3bdy,"DL27aN,PL27cA,RL27dK,SL28T,YL53F,TL93S,TL94S",0.97,0.91,0.49,-0.47
3bdy,"DL27aN,PL27cA,RL27dK,SL28T,YL53F,TL93S,TL94S,KH30S,DH31G,TH53S,NH54E,GH96V,DH98V",2.73,7.86,0.45,-0.85
3be1,"DL27aN,PL27cA,RL27dK,SL28T,YL53F,TL93S,TL94S",0.87,7.16,-1.12,-2.12
3be1,"DL27aN,PL27cA,RL27dK,SL28T,YL53F,TL93S,TL94S,KH30S,DH31G,TH53S,NH54E,GH96V,DH98V",2.88,9.89,-0.91,-2.11
3bdy,"DL27aN,PL27cA,RL27dK,SL28T,TL93S,TL94S",0.97,0.84,0.52,-0.51
3bdy,"DL27aN,PL27cA,RL27dK,SL28T,TL93S,TL94S,KH30S,DH31G,TH53S,NH54E,GH96V,DH98V",2.72,6.60,0.39,-0.81
3bdy,"DL27aN,PL27cA,RL27dK,SL28T,TL93S,TL94S,KH30S,DH31G,TH53S,NH54E,GH96V,DH98V,RH50A,RH58A",2.77,6.93,0.71,-2.00
3be1,"DL27aN,PL27cA,RL27dK,SL28T,TL93S,TL94S",0.69,6.47,-1.27,-2.23
3be1,"DL27aN,PL27cA,RL27dK,SL28T,TL93S,TL94S,KH30S,DH31G,TH53S,NH54E,GH96V,DH98V",2.77,6.67,-1.09,-2.00
3be1,"DL27aN,PL27cA,RL27dK,SL28T,TL93S,TL94S,KH30S,DH31G,TH53S,NH54E,GH96V,DH98V,YL32A",3.19,10.61,1.46,-3.77
3be1,"DL27aN,PL27cA,RL27dK,SL28T,TL93S,TL94S,KH30S,DH31G,TH53S,NH54E,GH96V,DH98V,YL32A,IL29A",2.77,10.17,2.23,-4.10
2ny7,"WG95M,SG257T,WG375S,MG433A,CG96W,CG275V,CG109I,CG428Q",0.3,0.58,-0.06,-1.65
2ny7,"WG95M,MG433A,CG96W,CG275V,CG109I,CG428Q",-0.45,0.00,-0.46,-0.63
2ny7,"KG231C,EG268C,WG95M,MG433A,CG96W,CG275V,CG109I,CG428Q",-0.3,-0.26,-0.56,-0.87
2ny7,"WG95M,MG433A,CG96W,CG275V",-1.16,-0.03,-0.51,-0.40
2ny7,"KG231C,EG267C,WG95M,MG433A,CG96W,CG275V,CG109I,CG428Q",-0.4,-0.09,-0.53,-0.94
2ny7,"GG431C,WG95M,MG433A,CG96W,CG275V,CG109I,CG428Q",-0.21,0.71,-0.78,-0.75
2ny7,"WG95M,MG433A,CG96W,CG275V,KG231C,EG267C",-0.55,-0.03,-0.53,-0.72
2ny7,"KG231C,EG267C,CG109I,CG428Q",-0.04,0.03,-0.83,-0.47
3idx,"WG95M,SG257T,WG375S,MG433A,CG96W,CG275V,CG109I,CG428Q",1.86,0.11,-0.06,-1.61
3idx,"WG95M,MG433A,CG96W,CG275V,CG109I,CG428Q",2.35,0.26,-0.72,0.00
3idx,"KG231C,EG268C,WG95M,MG433A,CG96W,CG275V,CG109I,CG428Q",2.29,0.19,-0.69,-0.52
3idx,"WG95M,MG433A,CG96W,CG275V",0.65,0.20,-0.73,-0.12
3idx,"KG231C,EG267C,WG95M,MG433A,CG96W,CG275V,CG109I,CG428Q",2.19,0.19,-0.69,-0.58
3idx,"TG123C,GG431C,WG95M,MG433A,CG96W,CG275V,CG109I,CG428Q",2.33,0.20,-0.71,-0.30
3idx,"WG95M,MG433A,CG96W,CG275V,KG231C,EG267C",0.36,0.20,-0.71,-0.65
3idx,"KG231C,EG267C,CG109I,CG428Q",2.38,0.00,-0.67,-0.20
2nyy,"KD30S,YD31D,DD32H,SD61P",-0.05,2.58,-1.09,0.18
3mzw,"NB23T,AB42S,AB46S,AB54S",0.11,-0.04,-0.09,-0.01
3mzw,"NB6A,NB23T,AB42S,AB46S,AB54S",-0.03,1.37,0.17,0.11
3mzw,"NB6E,NB23T,AB42S,AB46S,AB54S",-0.28,0.93,0.04,0.11
3mzw,"NB23T,AB42S,AB46S,LB51T",0.15,-0.06,-0.16,0.00
3mzw,"NB23T,AB42S,AB46S,LB51Y",0.05,0.05,-0.17,-0.01
3mzw,"NB6A,NB23T,SB33K,AB42S,AB46S,AB54S",0.21,1.34,0.41,0.14
3mzw,"NB6A,NB23T,SB33K,DB36A,AB42S,AB46S,AB54S",-0.45,2.77,1.36,0.11
3mzw,"NB6A,NB23T,SB33K,DB37E,AB42S,AB46S,AB54S",0.68,1.25,0.59,0.13
3mzw,"NB6A,NB23T,SB33K,AB42S,NB43E,AB46S,AB54S",0.25,1.35,0.11,0.34
3mzw,"NB6A,NB23T,SB33K,AB42S,AB46S,EB47A,AB54S",0.39,1.43,0.68,0.19
3ngb,"AH56G,VH57T,PH62K,VH73T",-1.67,2.01,0.87,-0.32
3ngb,"TH33Y,GH55S,AH56G,VH57T,PH62K,VH73T,YH74S",-1.94,2.72,1.73,-1.00
3ngb,"IH30T,KH52N,RH53N,GH54S,AH56G,VH57T,RH61Q,PH62K,VH73T,YH74S,YL28S",-0.86,6.99,-0.31,-2.64
3se3,"YB57H,NB58E,SB61Q,QB62A",-2.43,-3.26,4.88,-1.65
3se3,"YB57H,NB58E,SB61Q,FB64A",-2.79,-4.29,5.18,-3.64
3se3,"YB57H,NB58E,SB61Q,NB65A",-3.03,4.62,4.73,-1.50
3se3,"YB57H,NB58E,SB61Q,SB68A",-2.49,1.46,3.36,-1.62
3se3,"YB57H,NB58E,SB61Q,TB69A",-2.85,0.52,3.14,-1.57
3se3,"YB57H,NB58E,SB61Q,KB70A",-2.63,-1.72,3.20,-1.56
3se3,"YB57H,NB58E,SB61Q,DB71A",-2.38,1.53,3.52,-1.63
3se3,"YB57H,NB58E,SB61Q,SB73A",-2.72,-1.77,3.58,-1.58
3se3,"YB57H,NB58E,SB61Q,TB79A",-2.3,-2.12,3.32,-1.68
3se3,"YB57H,NB58E,SB61Q,LB80A",-3.36,0.70,3.66,-2.10
3se3,"YB57H,NB58E,SB61Q,KB83A",-2.3,-1.54,3.45,-2.29
3se3,"YB57H,NB58E,SB61Q,YB85A",-2.92,-0.82,4.21,-2.24
3se3,"YB57H,NB58E,SB61Q,TB86A",-2.68,-1.21,3.19,-2.60
3se3,"YB57H,NB58E,SB61Q,YB89A",-3.13,-5.50,5.90,-2.26
3se3,"YB57H,NB58E,SB61Q,QB90A",-2.29,-2.98,3.29,-1.71
3se3,"YB57H,NB58E,SB61Q,NB93A",-2.77,-2.58,3.20,-1.73
3se3,"YB57H,NB58E,SB61Q,EB96A",-2.7,-5.73,3.61,-1.86
3se3,"YB57H,NB58E,SB61Q,VB99A",-2.49,-3.47,0.32,-1.54
3se3,"YB57H,NB58E,SB61Q,IB116A",-2.33,1.30,3.73,-2.06
3se3,"YB57H,NB58E,SB61Q,LB117A",-2.9,-0.98,4.94,-2.71
3se3,"YB57H,NB58E,SB61Q,RB120A",-2.83,-1.08,5.78,-2.22
3se3,"YB57H,NB58E,SB61Q,RB120K",-2.61,3.15,3.31,-1.75
3se3,"YB57H,NB58E,SB61Q,KB121A",-2.61,2.17,3.11,-2.47
3se3,"YB57H,NB58E,SB61Q,KB131A",-2.68,1.95,3.34,-1.67
3vr6,"RA475A,RB475A,RC475A,RG165A,RG166A",-1.32,4.63,11.86,-3.51
3vr6,"VD388A,VE388A,VF388A,RG165A,RG166A",-1.13,-1.04,13.27,-3.18
3vr6,"LA476A,LB476A,LC476A,VA477A,VB477A,VC477A",0.22,-1.96,2.79,-3.16
3vr6,"LA476A,LB476A,LC476A,VA477A,VB477A,VC477A,LD389A,LE389A,LF389A",0.17,-3.24,3.09,-5.92
3vr6,"LA476A,LB476A,LC476A,VA477A,VB477A,VC477A,RG165A,RG166A",-2.05,-1.45,15.05,-5.57
3vr6,"LA476A,LB476A,LC476A,VA477A,VB477A,VC477A,LG170N",0.08,0.62,5.79,-4.67
4myw,"TB63A,QB64A,EB125A,NB133A",0.53,6.84,4.39,-2.01
3u82,"TB63A,QB64A,EB125A,NB133A",1.01,11.70,3.63,-1.57
4ofy,"QA54A,MA56A,FA60A,SA107A",-4.46,5.36,7.26,-4.42
2c5d,"GC32S,DC87G,VC92R,GC127R",1.48,4.37,-0.58,0.30
4ra0,"SC32G,GC87D,AC92V,RC127G",-1.48,2.66,-1.11,-0.64
2c5d,"RA310E,KA312E,RB310E,KA312E",-3.96,6.65,4.84,-2.15
2c5d,"EC56R,EC59R,ED56R,EC59R",-1.85,3.44,4.40,-1.92
4yfd,"EA234G,LA235S,RA236S,EA237G",0.04,0.66,-0.07,-0.85
4yh7,"EA234G,LA235S,RA236S,EA237G",0.04,-0.14,0.02,-0.74
4yh7,"MB75A,YB77A,PB88A,FB91A",-1.73,4.61,6.45,-4.78
4rs1,"NB137A,SB138A,KB139A,RB140A",0.05,0.55,-0.73,-1.15
4nkq,"YB224A,QB225A,KB226A,LB227A,SB228A,YB229A",0.31,9.70,-0.81,-0.21
4nkq,"DB281A,VB282A,RB283A,IB284A",0.12,11.26,4.49,-2.05
4g0n,"FB61W,RB67L,NB71R,VB88I",-0.6,6.46,-0.90,-1.50
4g0n,"FB61W,VB69E,NB71R,VB88I",-1.82,7.13,-0.45,-0.94
4g0n,"FB61W,RB67L,VB69E,NB71R,KB84R,VB88I",-3.6,7.76,0.79,-2.84
3kud,"KB85A,FB61W,NB71R,VB88I",-1.95,5.12,0.33,-0.91
3kud,"KB85A,FB61W,RB67L,NB71R,VB88I",-1.97,7.25,1.04,-1.74
3kud,"KB85A,FB61W,VB69E,NB71R,VB88I",-3.96,3.19,2.38,-1.20
3kud,"KB85A,FB61W,RB67L,VB69E,NB71R,KB84R,VB88I",-4.2,6.38,2.76,-1.79
4g0n,"YA32C,CA118S,NB71R,AB85K",1.73,4.15,-3.76,0.32
3kud,"KB85A,YA32C,CA118S,NB71R",-1.66,0.84,0.71,-1.00
1ohz,"SB11A,TB12A,SB45A,TB46A",0,4.30,1.64,-2.14
1ycs,"MA133L,VA203A,NA239Y,NA268D",0.14,1.62,0.61,-0.78
1ycs,"MA133L,VA203A,NA239Y,NA268D,VA143A",-0.14,1.81,1.78,-0.78
1ycs,"MA133L,VA203A,NA239Y,NA268D,RA249S,HA168R",-0.5,5.25,5.51,-1.49
1ycs,"MA133L,VA203A,NA239Y,NA268D,FA270L",0.19,1.62,1.79,-1.39
1ycs,"MA133L,VA203A,NA239Y,NA268D,RA282W",-0.05,1.71,2.81,-0.78
3eg5,"TB164N,SB165N,HB166N,HA104F",1.3,9.55,-3.79,-1.03
5ufe,"GA12D,QB27R,EB35G,DB36G",0.92,0.35,-1.25,-0.11
1yqv,"RY68K,TY40S,IY55V,SY91T,QY121H",-0.1,2.04,1.44,-2.60
1yqv,"RY68K,TY40S,IY55V,SY91T",-5.1,-0.93,1.43,-2.55
