pdb,mutations,experimental_ddg,zemu,mmCSM-PPI
1rew,"DA30A,DB30A",-0.67,-0.20,-0.51
1rew,"WA31A,WB31A",-1.09,-1.92,-3.20
1rew,"FA49A,FB49A",-1.36,-3.17,-2.53
1rew,"PA50A,PB50A",-1.29,-4.33,-3.55
1rew,"HA39D,HB39D",-0.20,-0.07,-0.70
1rew,"SA88A,SB88A",-0.20,0.02,-0.12
1rew,"LA100A,LB100A",-0.24,0.02,0.04
1rew,"AA34D,AB34D",0.00,-0.09,-0.07
1rew,"DA53A,DB53A",0.05,0.98,-1.71
1rew,"EA109R,EB109R",-0.27,0.06,-0.16
1rew,"WA28F,WB28F",-0.67,-1.63,-3.79
1rew,"DA53P,DB53P",-2.35,-1.98,-1.08
1rew,"SA69R,SB69R",-1.67,-2.65,-0.68
1rew,"YA103A,YB103A",-1.21,-2.10,-3.09
1vfb,"YA32A,QC121A",-1.59,-5.22,-3.95
1vfb,"YA32A,IC124A",-2.91,-2.32,-3.30
1vfb,"YA50A,DC18A",-1.27,-2.13,-0.78
1vfb,"YA50A,DC119A",-1.23,-1.30,-1.58
1vfb,"WA92A,QC121A",-3.52,-4.67,-4.53
1vfb,"WA92A,IC124A",-3.85,-1.25,-3.72
1vfb,"WA92A,RC125A",-3.39,-3.17,-3.80
1vfb,"WA92A,LC129A",-3.31,-0.77,-2.90
1vfb,"YB32A,KC116A",-1.59,1.23,-0.14
1vfb,"WB52A,DC119A",-2.25,-1.71,-2.50
1vfb,"DB54A,TC118A",-1.25,-1.25,-1.46
1vfb,"DB100A,SC24A",-3.37,-2.98,-3.23
1vfb,"YB101F,DC119A",-2.74,-2.73,-2.66
1vfb,"YB101F,VC120A",-2.54,-2.65,-2.47
1z7x,"QW430A,VW432A",-0.94,-2.80,-2.34
1z7x,"WW438A,SW439A,EW440A",-1.97,-1.44,-4.24
1z7x,"YW434A,DW435A",-7.17,-1.88,-5.70
1z7x,"YW434A,YW437A",-7.24,-5.78,-6.19
1a4y,"QA430A,VA432A",-0.07,1.12,-1.13
1a4y,"WA438A,SA439A,EA440A",-1.78,-0.94,-3.98
1a4y,"YA434A,DA435A",-6.82,-5.79,-4.01
1a4y,"YA434A,YA437A",-6.64,-5.26,-4.02
1a4y,"RB5A,YA434A",-6.98,-6.78,-4.91
1a4y,"RB5A,DA435A",-6.77,-7.88,-5.45
1a4y,"RB5A,YA434A,DA435A",-10.10,-11.22,-5.50
1a4y,"RB5A,YA434A,YA437A",-8.53,-8.27,-4.96
1a4y,"KB40G,YA434F",-6.66,-2.29,-4.24
1a4y,"KB40G,DA435A",-4.11,-3.24,-3.87
1a4y,"KB40G,YA437A",-6.45,-3.63,-4.26
1a4y,"KB40G,YA434A,DA435A",-6.21,-4.97,-4.74
1a4y,"KB40G,YA434A,YA437A",-9.12,-5.21,-4.46
2wpt,"NA34V,RA38T,RA42E",3.23,0.70,-0.30
2wpt,"FB86A,DA33A",0.13,-3.64,-0.74
2wpt,"FB86A,NA34A",-1.35,-2.92,-1.97
2wpt,"FB86A,VA37A",-3.11,-5.05,-3.89
2wpt,"NA34V,RA38T",2.59,0.42,-0.32
2wpt,"DA33L,NA34V,RA38T",6.33,1.09,0.36
1emv,"FB86A,LA33A",-6.68,-4.38,-5.48
1emv,"FB86A,VA34A",-4.66,-5.71,-4.22
1emv,"FB86A,VA37A",-4.07,-4.53,-3.71
1emv,"FB86A,YA54A",-8.72,-5.32,-5.99
1emv,"FB86A,YA55A",-8.26,-7.00,-5.98
1dvf,"EB98A,YD98A",-4.63,-6.68,-6.35
1dvf,"DB54A,YC49A",-4.49,-2.86,-5.09
1dvf,"DB58A,QD100A",-1.46,0.34,-2.81
1dvf,"YA49A,ND54A",-2.03,-0.29,-3.55
1dvf,"YA32A,RD100bA",-4.65,-0.81,-5.70
1dvf,"NB56A,QD100A",-1.49,-2.71,-2.40
1dvf,"WB52A,QD100A",-4.16,-3.58,-4.55
1dvf,"DB100A,HD33A",-4.15,0.50,-4.28
1dvf,"DB100A,DD52A",-4.32,-0.74,-4.22
1dvf,"YA49A,HD33A",-2.62,-1.82,-3.91
1dvf,"DB100A,ND54A",-4.09,-1.22,-4.44
1dvf,"NB56A,ND54A",-2.30,-2.15,-2.75
1dvf,"NB56A,HD33A",-2.53,-1.89,-2.70
1dan,"KU201A,DU204A",-0.04,0.54,-0.35
1dan,"NU199A,RU200A",-0.40,0.03,-0.24
1dan,"TU197A,VU198A",0.15,-0.14,-0.10
1dan,"SU195A,RU196A",-0.64,0.95,-0.30
1dan,"EU183A,NU184A",0.09,-0.23,-0.09
1dan,"NU173A,EU174A",0.02,-0.00,-0.18
1dan,"KU165A,KU166A",0.24,0.67,-0.32
1dan,"KU149A,DU150A",0.10,-0.09,-0.57
1dan,"RU136A,NU137A,NU138A",-0.21,0.13,-0.18
1dan,"EU130A,RU131F",0.02,-1.53,-1.32
1dan,"QU114A,EU117A",-0.03,-0.07,-0.33
1dan,"NU107A,QU110A",-0.41,0.15,-1.24
1dan,"LU104A,EU105A",0.46,-0.02,-0.87
1dan,"KT68A,QT69A",0.21,-0.02,-0.24
1dan,"KT65A,DT66A",0.50,1.86,-0.65
1dan,"DT61A,ET62A",-0.30,2.56,-0.90
1dan,"DT54A,ET56A",-0.43,0.02,-0.81
1dan,"KT46A,KT48A",-1.14,-0.67,-1.14
1dan,"KT41A,DT44A",-1.57,-1.41,-1.13
1dan,"WT45R,ST47G",-1.54,-6.78,-2.10
1dan,"CT49S,CT57S",0.34,-0.75,-1.77
1dan,"TT60A,FU140A",-4.50,0.59,-3.53
1dan,"TT60A,KT20A",-3.18,-1.91,-3.71
1dan,"DT44A,WT45A",-1.57,-2.64,-2.42
1dan,"DT44A,FU140A",-3.30,-1.20,-2.11
1dan,"DT44A,KT20A",-4.16,-1.57,-2.56
1dan,"DT44A,DT58A",-4.01,-2.08,-2.73
1dan,"DT44A,TT60A",-4.32,1.48,-3.01
1dan,"DT44A,KT20A,FU140A",-5.96,-2.81,-3.67
1gc1,"QC40A,DC63A",0.50,0.01,-0.40
1gc1,"QC40A,DC63A,QC89L",0.85,0.44,-0.40
1a22,"KB234A,KB237A",-0.24,0.08,-0.28
1a22,"RB270A,RB271A,EB275A",-0.95,-1.36,-1.54
1a22,"DB319A,EB320A,KB321A",-0.21,-0.58,-0.76
1a22,"DB352A,RB356A,EB358A",-0.31,0.27,-0.27
1a22,"RB361A,DB364A,KB367A",0.06,-2.68,-1.68
1a22,"FA25A,YA42A,QA46A",-0.19,-1.89,-2.43
1a22,"YA42A,QA46A",-0.27,0.88,-0.82
1jrh,"TI19L,EI21K",0.03,-0.01,-0.08
1jrh,"MI25L,II28V",0.21,-0.00,0.01
1jrh,"AI59S,II61T,HI65D",-0.07,-0.31,-0.01
1jrh,"VI83A,RI88K",0.21,0.82,-0.61
1jrh,"AI95D,KI98R,EI100K",0.05,-1.27,-0.07
1jrh,"AI103L,VI104M",-0.63,0.05,0.02
1jrh,"EI55P,II57R",3.44,0.66,1.07
1jrh,"SI54G,EI55G,II57R",3.38,0.43,0.27
1jrh,"EI55P,II57L",3.46,1.64,0.84
1jrh,"SI54G,EI55P,II57K",3.88,1.22,1.12
1jtg,"EA104A,YA105A",-1.03,-5.33,-3.25
1jtg,"FB142A,EA104A",-2.75,-7.40,-3.91
1jtg,"KA234A,SA130A",-1.98,-3.93,-1.93
1jtg,"KA234A,SA130A,RA243A",-2.51,-5.05,-2.27
1jtg,"GA238S,FB142A",-3.68,-5.76,-2.45
1jtg,"RA243A,SA130A",-1.85,-2.01,-1.97
1jtg,"FB142A,EA104A,YA105A",-1.50,-4.01,-4.50
1jtg,"FB142A,YA105A",-0.69,-5.08,-3.61
1jtg,"FB142A,RA243A",-3.39,-5.62,-2.79
1jtg,"FB142A,YB143A",-2.84,-4.89,-3.73
1jtg,"FB142A,YB143A,EA104A",-2.89,-6.24,-4.79
1jtg,"FB142A,YB143A,YA105A",-2.99,-6.59,-4.84
1jtg,"YB143A,EA104A",-1.86,-2.23,-3.27
1jtg,"YB143A,EA104A,YA105A",-2.05,-2.62,-4.58
1jtg,"YB143A,YA105A",-1.07,-3.95,-3.36
1jtg,"YB143A,RA243A",-2.27,-3.84,-2.72
1jtg,"DB163K,DB135K,VB134K",3.05,1.55,0.09
1jtg,"VB165K,DB163K,NB89K",2.39,1.52,0.12
1jtg,"TB140K,QB157K",0.40,0.02,-0.18
1jtg,"KB74A,EA104A",-1.58,-4.36,-3.77
1jtg,"KB74A,EA104A,YA105A",-1.39,-5.64,-5.31
1jtg,"KB74A,YA105A",-3.32,-6.43,-3.81
1jtg,"KB74A,KA234A",-6.54,-5.44,-3.36
1jtg,"KB74A,FB142A,KA234A",-5.83,-7.72,-4.93
1jtg,"KB74A,YB143A,KA234A",-4.87,-5.29,-4.66
1jtg,"KB74A,RA243A",-6.62,-3.15,-3.47
1jtg,"KB74A,FB142A",-4.85,-4.97,-4.09
1jtg,"KB74A,FB142A,EA104A",-3.13,-5.38,-5.41
1jtg,"KB74A,FB142A,YA105A",-4.78,-9.04,-5.43
1jtg,"KB74A,FB142A,RA243A",-5.49,-8.49,-5.01
1jtg,"KB74A,FB142A,YB143A",-3.89,-5.50,-5.52
1jtg,"KB74A,YB143A",-3.06,-1.69,-3.85
1jtg,"KB74A,YB143A,EA104A",-1.05,-2.99,-5.25
1jtg,"KB74A,YB143A,YA105A",-3.39,-4.86,-5.50
1jtg,"KB74A,YB143A,RA243A",-4.37,-3.09,-4.88
1jtg,"RA243A,KA234A",-2.73,-3.90,-1.95
1jtg,"RA243A,SA235A,KA234A",-2.72,-4.04,-1.92
1jtg,"NA100A,WB112A",-2.79,-1.90,-2.04
1jtg,"NA100A,FB142A",-2.29,-3.30,-2.61
1jtg,"NA100A,HB148A",-2.10,-0.11,-2.53
1jtg,"NA100A,WB150A",-4.35,-0.41,-1.95
1jtg,"NA100A,RB160A",-1.58,-0.25,-1.30
1jtg,"NA100A,WB162A",-2.10,-0.63,-1.32
1jtg,"NA100A,KB74A",-3.51,-2.52,-2.23
1jtg,"VA103A,FB142A",-4.51,-3.69,-3.58
1jtg,"VA103A,RB160A",-4.35,-2.93,-3.14
1jtg,"VA103A,WB162A",-4.23,-1.69,-2.72
1jtg,"EA104A,SB113A",-1.86,-1.91,-1.20
1jtg,"EA110A,SB113A,SB71A",-5.04,-1.55,-0.80
1jtg,"PA107A,HB41A",-2.65,-1.45,-2.43
1jtg,"PA107A,YB53A",-2.39,-1.55,-2.71
1jtg,"EA110A,SB113A",-4.56,0.32,-0.21
1jtg,"EA110A,SB113A,SB71A",-5.04,-1.55,-0.80
1jtg,"EA110A,YB50A",-3.97,-2.04,-1.04
1jtg,"EA110A,SB71A",-5.02,-0.13,-0.72
1jtg,"MA129A,SB113A,SB71A",-1.67,-0.44,-0.44
1jtg,"MA129A,FB36A",-3.63,-3.67,-3.01
1jtg,"MA129A,YB53A",-3.61,-2.76,-3.16
1jtg,"EA168A,WB112A",-2.79,-3.33,-2.71
1jtg,"EA168A,FB142A",-2.58,-5.47,-2.64
1jtg,"EA168A,WB150A",-4.11,-1.40,-3.25
1jtg,"EA168A,RB160A",-2.32,-1.20,-1.69
1jtg,"EA168A,WB162A",-2.08,-0.69,-1.99
1jtg,"EA168A,KB74A",-4.06,-4.01,-3.25
1jtg,"SA235A,SA130A,KA234A",-1.85,-3.71,-1.89
1jtg,"RA243A,SA235A,SA130A",-1.69,-3.62,-1.68
1jtg,"QA99A,WB112A",-3.54,-2.63,-2.01
1jtg,"QA99A,FB142A",-2.82,-2.28,-2.36
1jtg,"QA99A,HB148A",-3.20,-0.26,-2.94
1jtg,"QA99A,WB150A",-3.82,-1.18,-2.55
1jtg,"QA99A,RB160A",-3.75,-0.36,-1.63
1jtg,"QA99A,WB162A",-2.89,-0.92,-1.41
1jtg,"QA99A,KB74A",-4.11,-2.65,-2.44
1jtg,"FB142A,EA104A",-2.75,-7.40,-3.91
1mlc,"SB57V,TB58D",0.99,0.73,-0.10
1mlc,"NA32G,NA92A",0.69,0.99,-0.55
1mlc,"NA92A,SB57V,TB58D",2.39,1.79,-0.30
1fcc,"TC44A,YC45A",-1.95,-0.22,-0.73
1ahw,"KC149A,DC150A",-1.18,-1.01,-1.79
1ahw,"KC165A,KC166A",1.33,-0.08,-0.87
1dqj,"NA32A,KC96A",-5.80,0.41,-3.89
1dqj,"SA91A,RC21A",-3.17,-0.72,-2.83
1dqj,"SA91A,YC20A",-3.57,-1.69,-4.20
1dqj,"YA96A,RC21A",-3.49,-0.71,-4.42
1dqj,"YA96A,SC100A",-0.91,0.22,-3.45
1dqj,"DB32A,KC97A",-1.12,-0.80,-4.00
1dqj,"YB53A,WC62A",-1.29,-1.95,-2.19
1dqj,"YB53A,WC63A",-2.20,-2.90,-3.84
1dqj,"YB53A,LC75A",-1.22,-3.22,-3.48
1dqj,"YB53A,DC101A",-2.73,-5.46,-3.97
1dqj,"WB98A,SC100A",-5.36,-1.38,-3.38
1dqj,"WB98A,KC97A",-6.66,-2.73,-4.92
1dqj,"WB98A,YC20A",-5.11,-3.53,-6.41
1lfd,"MA30K,DA58K",0.20,-0.72,0.16
1lfd,"MA30K,DA94K",0.40,0.91,0.05
1lfd,"MA30K,DA51K,DA58K",1.80,-0.30,0.10
1lfd,"DA51K,DA56K,EA57K",1.20,0.79,-0.06
1lfd,"DA58K,DA94K",0.70,0.34,0.08
1he8,"KA223V,RA226A",-1.87,-1.92,-2.00
1he8,"KA223V,KA234A",-1.50,-2.20,-1.84
1he8,"KA223V,DA238A",-1.02,1.49,-1.50
1he8,"KA223V,KA254A",-1.93,-0.43,-1.68
1he8,"KA223V,KA256A",-1.65,-1.38,-2.24
1he8,"KA223V,DA260A",-0.93,-0.18,-2.00
1he8,"KA223V,EA267K",0.10,1.09,-2.13
1he8,"KA223V,EA919A",-0.45,2.35,-1.74
1he8,"KA223V,EA919K",0.45,2.34,-1.52
2pcc,"KB87A,DA34A",-0.20,-0.72,-0.45
2pcc,"KB87A,VA197A",-1.50,-1.40,-1.98
2pcc,"KB72A,VA197A",-2.80,-0.73,-1.00
2pcc,"KB72A,EA290A",-1.10,0.34,-1.28
2pcc,"AB81G,DA34A",0.10,-1.16,-0.98
2pcc,"AB81G,VA197A",-2.10,-1.43,-1.96
2oob,"AA934S,KA935E",-0.16,-3.41,-0.53
2oob,"IA955E,IA966E",-0.28,0.04,-0.15
1tm1,"RI67A,RI65A",-5.05,-2.09,-2.21
1tm1,"TI58A,EI60A",-3.39,-2.00,-2.74
1tm1,"TI58D,EI60A",-0.75,-0.33,-2.68
1tm1,"EI60S,MI59R",-3.55,-3.61,-3.97
2qjb,"HC42G,EC46D,TC61A,MC62I",0.89,1.75,-0.75
2qjb,"TC74A,LC78M,GC79K,LC80Y,HC42G,EC46D,TC61A,MC62I",0.42,-1.19,-2.21
2qjb,"RC88K,TC90S,IC92K,PC93A,HC94Q,QC95L,SC98T,TC74A,LC78M,GC79K,LC80Y,HC42G,EC46D,TC61A,MC62I",1.15,2.91,-3.58
2qja,"TC74A,LC78M,GC79K,LC80Y",-0.46,-2.54,-1.11
2qja,"RC88K,TC90S,IC92K,PC93A,HC94Q,QC95L,SC98T,TC74A,LC78M,GC79K,LC80Y",0.27,-2.50,-2.36
2qja,"GC42H,DC46E,AC61T,IC62M",-0.89,2.01,-0.07
2qj9,"RC88K,TC90S,IC92K,PC93A,HC94Q,QC95L,SC98T",0.73,-2.32,-2.23
2qj9,"AC74T,MC78L,KC79G,YC80L",0.46,0.55,-1.38
2qj9,"AC74T,MC78L,KC79G,YC80L,GC42H,DC46E,AC61T,IC62M",-0.42,3.44,-1.18
1rew,"DA30A,WA31A,DB30A,WB31A",-2.06,-1.92,-2.93
1rew,"FA49A,PA50A,FB49A,PB50A",-2.88,-7.84,-5.23
1rew,"HA39D,SA88A,HB39D,SB88A",-0.18,-0.14,-0.59
1rew,"HA39D,LA100A,HB39D,LB100A",-0.12,0.25,-0.51
1rew,"DA30A,AA34D,DB30A,AB34D",-0.48,0.02,0.17
1rew,"AA34D,DA53A,AB34D,DB53A",0.18,0.54,-0.64
1rew,"DA53A,EA109R,DB53A,EB109R",-0.04,0.26,-1.48
1rew,"KC88R,SC90T,KC92I,AC93P,QC94H,LC95Q,TC98D",-0.73,-0.91,-1.94
1rew,"KC88R,SC90T,KC92I,AC93P,QC94H,LC95Q,TC98D,AC74T,MC78L,KC79G,YC80L",-0.27,-5.45,-3.19
2wpt,"NA34V,RA38T,EA39H,RA42E",3.00,-0.22,-0.21
1a22,"EB383A,KB385A,KB387A,DB390A",-0.12,0.15,-0.51
1a22,"KB403A,DB405A,KB406A,EB407A,EB409A",-1.12,0.46,-0.93
1jrh,"II35N,PI37S,VI39T,VI41I",-0.14,-0.00,-0.03
1jrh,"SI71Y,DI72E,HI73Q,VI74I,GI75M,DI76Y,SI78D,NI79V,LI81A",-2.96,-0.85,-0.34
1jtg,"KA234A,SA235A,SA130A,RA243A",-2.79,-4.46,-1.81
1jtg,"VB165K,DB163K,DB135K,NB89K",3.36,0.82,0.16
1jtg,"KB74A,FB142A,YB143A,SA130A",-5.07,-5.79,-5.76
1jtg,"KB74A,FB142A,YB143A,KA234A",-5.47,-6.29,-5.95
1jtg,"KB74A,FB142A,EA104A,YA105A",-3.13,-6.08,-5.82
1jtg,"KB74A,FB142A,YB143A,EA104A",-2.39,-5.41,-5.81
1jtg,"KB74A,FB142A,YB143A,EA104A,YA105A",-2.41,-3.31,-5.92
1jtg,"KB74A,FB142A,YB143A,YA105A",-4.23,-1.71,-5.83
1jtg,"KB74A,YB143A,EA104A,YA105A",-1.77,-4.41,-6.09
1jtg,"FB142A,YB143A,EA104A,YA105A",-2.84,-6.55,-5.71
1mlc,"NA32G,NA92A,SB57V,TB58D",1.74,1.46,0.07
1mlc,"NA92A,TB28D,SB57V,TB58D",2.74,2.26,0.05
1lfd,"MA30K,DA51K,DA58K,DA94K",0.90,-0.07,0.05
